mtry,RMSE,Rsquared,MAE,RMSESD,RsquaredSD,MAESD
1050,0.33453845925391,0.831861843598197,0.236445369217127,0.064149815328669,0.035076343575561,0.0281655854539002
1100,0.336190117808701,0.829659404849268,0.237506235100348,0.0641472718241784,0.0350316476500599,0.0268718957923408
1150,0.333246248123244,0.832598135924587,0.236073109761426,0.0665448725040147,0.037403210538433,0.0293584330279834
1200,0.33420657303691,0.830947591322154,0.237273742181589,0.0662466928657999,0.0375802427114396,0.029196394955373
1250,0.338557706354911,0.826103358570014,0.23804062595478,0.0675150529875696,0.0395565442656537,0.0286232394063528
