mtry,RMSE,Rsquared,MAE,RMSESD,RsquaredSD,MAESD
1050,0.277354514440174,0.756905506255252,0.221415379067041,0.011612706297823,0.0336150653258799,0.00813139466197687
1100,0.278667999693458,0.752900064707182,0.221785105922473,0.0110083660169064,0.031753534433497,0.00911278855927394
1150,0.278027422613627,0.754690202668062,0.221560393205939,0.0119675573269365,0.0339458389364978,0.0104597767106255
1200,0.279096752390803,0.751712315399909,0.222917146367206,0.0127172124545394,0.0364954631436317,0.0109195580401611
1250,0.278819092072908,0.751689936847018,0.22229614339215,0.0107006484289105,0.0318220295302013,0.00893098321295913
